Accuracy,Precision,Recall,F-Score,AUC,Average Log Loss,Training Log Loss
0.9025,0.8,0.177777777777778,0.290909090909091,0.850015649452269,0.367726655063227,-4.55379557249289
